Obs,x1,x2,y
1,0.942685869,0.830760461,5.474384887
2,1.85338835,1.368296868,6.045157435
3,3.341540982,4.277779838,10.0922798
4,0.281728331,1.042109752,5.057870928
5,2.260109749,3.51502365,6.907319726
6,2.941037639,1.767836159,9.732459884
7,0.796464996,0.39817287,6.349352048
8,2.022261564,4.985097805,8.690842458
9,3.128831725,2.563397012,11.90432206