Obs,x1,x2,y
1,1,1,3.540589179
2,2,1,8.657852018
3,3,1,10.26962996
4,1,2,4.88451524
5,2,2,9.042826857
6,3,2,12.5944773
7,1,3,7.525656087
8,2,3,9.250008765
9,3,3,12.06429526